{
	"Notification_Version": "2.601.000",
	"Message_Type": "HB",
	"Telematics_Box_ID": "123456789",
	"Telematics_Box_Hardware_Variant": "abc.12",
	"Telematics_Box_Software_Version": "cde.23",
	"Telematics_Partner_Message_ID": "1d1ed79e-6955-4218-9340-68a970e7f684",
	"Telematics_Partner_Name": "Tsp_Name",
	"Customer_Reference": "Customer-X",
	"Equipment_ID": "京A.12345",
	"Engine_Serial_Number": "78787878",
	"VIN": "VIN9876543219876",
	"Occurrence_Date_Time": "2019-08-05T13:52:58.000Z",
	"Sent_Date_Time": "2019-08-05T13:53:02.000Z",
	"Source_Address": "0",
	"Active_Faults": [
		{
			"SPN": "97",
			"FMI": "15",
			"Occurrence_Count": "8",
			"Fault_Source_Address": "0"
		},
		{
			"SPN": "1319",
			"FMI": "2",
			"Occurrence_Count": "9",
			"Fault_Source_Address": "0"
		},
		{
			"SPN": "703",
			"FMI": "3",
			"Occurrence_Count": "12",
			"Fault_Source_Address": "0"
		}
	],
	"Latitude": "39.991272",
	"Longitude": "116.475015",
	"Altitude": "500",
	"Direction_Heading": "225.83",
	"Vehicle_Distance": "789",
	"Location_Text_Description": "北京市朝阳区利星行中心",
	"GPS_Vehicle_Speed": "60.80",
	"Gradient": "33",
	"Accel Rate": "2",
	"Fuel TANK Level": "80",
	"Vehicle_Model": "OEM|GTL|380|S6|6X2",
	"Gross_Vehicle_Weight": "20000",
	"Rear Axle Ratio": "4.3",
	"Transmission Model": "HW19710TC  11.93",
	"Tire Model": "215/70R15",
	"Driven_Equipment": "123",
	"Customer_Equipment_Group": [
		{
			"value": "Beijing"
		}
	],
	"Snapshots": [
		{
			"Snapshot_DateTimestamp": "2019-08-05T13:52:58.000Z",
			"Parameter": [
				{
					"Name": "Calibration Verification Number[DM19]",
					"Value": "86441648"
				},
				{
					"Name": "Calibration Identification[DM19]",
					"Value": "SC98176"
				},
				{
					"Name": "Engine Fan 1 Requested Percent Speed",
					"Value": "20"
				},
				{
					"Name": "Diesel Particulate Filter Regeneration Inhibit Switch",
					"Value": "1"
				},
				{
					"Name": "Diesel Particulate Filter Regeneration Force Switch",
					"Value": "1"
				},
				{
					"Name": "Accelerator Pedal Position 1",
					"Value": "34"
				},
				{
					"Name": "Engine Percent Load At Current Speed",
					"Value": "20"
				},
				{
					"Name": "Actual Maximum Available Engine - Percent Torque",
					"Value": "20"
				},
				{
					"Name": "DPF Thermal Management Active",
					"Value": "1"
				},
				{
					"Name": "SCR Thermal Management Active",
					"Value": "1"
				},
				{
					"Name": "Engine Speed",
					"Value": "1000"
				},
				{
					"Name": "Driver's Demand Engine - Percent Torque",
					"Value": "20"
				},
				{
					"Name": "Actual Engine - Percent Torque",
					"Value": "20"
				},
				{
					"Name": "Engine Torque Mode",
					"Value": "1"
				},
				{
					"Name": "Engine Demand - Percent Torque",
					"Value": "20"
				},
				{
					"Name": "Actual Engine - Percent Torque (Fractional)",
					"Value": "20"
				},
				{
					"Name": "Engine Intake Air Mass Flow Rate",
					"Value": "99 "
				},
				{
					"Name": "Aftertreatment 1 SCR Intake Nox 1",
					"Value": "1500"
				},
				{
					"Name": "Aftertreatment 1 Outlet NOx 1",
					"Value": "10"
				},
				{
					"Name": "Aftertreatment 1 SCR System State",
					"Value": "1"
				},
				{
					"Name": "Aftertreatment 1 Diesel Exhaust Fluid Actual Quantity of Integrator",
					"Value": "3"
				},
				{
					"Name": "Aftertreatment 1 Diesel Exhaust Fluid Doser Absolute Pressure",
					"Value": "0.5"
				},
				{
					"Name": "SCR Operator Inducement Total Time",
					"Value": "4"
				},
				{
					"Name": "Diesel Exhaust Fluid Tank 1 Empty Time",
					"Value": "34"
				},
				{
					"Name": "Diesel Exhaust Fluid Quality Malfunction Time",
					"Value": "0"
				},
				{
					"Name": "Engine Exhaust Bank 1 Pressure Regulator Position",
					"Value": "56"
				},
				{
					"Name": "Engine Amber Warning Lamp Command",
					"Value": "1"
				},
				{
					"Name": "Engine Red Stop Lamp Command",
					"Value": "1"
				},
				{
					"Name": "OBD Malfunction Indicator Lamp Command",
					"Value": "1"
				},
				{
					"Name": "Aftertreatment 1 Diesel Oxidation Catalyst Intake Gas Temperature",
					"Value": "500"
				},
				{
					"Name": "Aftertreatment 1 SCR Intake Temperature",
					"Value": "460"
				},
				{
					"Name": "Aftertreatment 1 SCR Outlet Temperature",
					"Value": "350"
				},
				{
					"Name": "Gross Combination Weight",
					"Value": "1000"
				},
				{
					"Name": "Aftertreatment 1 SCR Conversion Efficiency",
					"Value": "0.4"
				},
				{
					"Name": "Diesel Particulate Filter 1 Ash Load Percent",
					"Value": "0.08"
				},
				{
					"Name": "Diesel Particulate Filter 1 Time Since Last Active Regeneration",
					"Value": "4"
				},
				{
					"Name": "Diesel Particulate Filter Status",
					"Value": "1"
				},
				{
					"Name": "Diesel Particulate Filter Outlet Pressure 1",
					"Value": "1"
				},
				{
					"Name": "Engine Operating State",
					"Value": "1"
				},
				{
					"Name": "Engine Derate Request",
					"Value": "20"
				},
				{
					"Name": "Aftertreatment 1 Total Fuel Used",
					"Value": "34"
				},
				{
					"Name": "Aftertreatment 1 Total Regeneration Time",
					"Value": "99"
				},
				{
					"Name": "Aftertreatment 1 Total Disabled Time",
					"Value": "1"
				},
				{
					"Name": "Aftertreatment 1 Total Number of Active Regenerations",
					"Value": "34"
				},
				{
					"Name": "Aftertreatment 1 Diesel Particulate Filter Total Number of Active Regeneration Inhibit Requests",
					"Value": "1"
				},
				{
					"Name": "Aftertreatment 1 Diesel Particulate Filter Total Number of Active Regeneration Manual Requests",
					"Value": "23"
				},
				{
					"Name": "Aftertreatment 1 Average Time Between Active Regenerations",
					"Value": "100"
				},
				{
					"Name": "Aftertreatment 1 Diesel Exhaust Fluid Concentration",
					"Value": "32.5"
				},
				{
					"Name": "Aftertreatment 1 Diesel Particulate Filter Differential Pressure",
					"Value": "0.4"
				},
				{
					"Name": "Aftertreatment 1 Diesel Particulate Filter Outlet Gas Temperature",
					"Value": "500"
				},
				{
					"Name": "Aftertreatment 1 Diesel Particulate Filter Intake Gas Temperature",
					"Value": "480"
				},
				{
					"Name": "Time Since Engine Start[DM26]",
					"Value": "34"
				},
				{
					"Name": "Aftertreatment 1 Diesel Exhaust Fluid Tank Level",
					"Value": "45"
				},
				{
					"Name": "Aftertreatment 1 Diesel Exhaust Fluid Tank Temperature",
					"Value": "77"
				},
				{
					"Name": "Aftertreatment SCR Operator Inducement Severity",
					"Value": "1"
				},
				{
					"Name": "Engine Exhaust Pressure 1",
					"Value": "78"
				},
				{
					"Name": "Total ECU Run Time",
					"Value": "99"
				},
				{
					"Name": "Fan Drive State",
					"Value": "1"
				},
				{
					"Name": "Fan Speed",
					"Value": "800"
				},
				{
					"Name": "High Resolution Total Vehicle Distance",
					"Value": "1500"
				},
				{
					"Name": "Software Identification",
					"Value": "04354586*01001676*012219150706*90992000*N9*BJZ* "
				},
				{
					"Name": "Engine Total Idle Hours",
					"Value": "0.4"
				},
				{
					"Name": "Engine Total Idle Fuel Used",
					"Value": "1000"
				},
				{
					"Name": "Nominal Friction - Percent Torque",
					"Value": "20"
				},
				{
					"Name": "Estimated Engine Parasitic Losses - Percent Torque",
					"Value": "20"
				},
				{
					"Name": "Engine Reference Torque",
					"Value": "1600"
				},
				{
					"Name": "Engine Total Hours of Operation",
					"Value": "53"
				},
				{
					"Name": "Engine Total Revolutions",
					"Value": "3000"
				},
				{
					"Name": "Engine Trip Fuel",
					"Value": "45"
				},
				{
					"Name": "Engine Total Fuel Used",
					"Value": "100"
				},
				{
					"Name": "Make",
					"Value": "CMMNS"
				},
				{
					"Name": "Model",
					"Value": "6G NS6D093       "
				},
				{
					"Name": "Engine Coolant Temperature",
					"Value": "98"
				},
				{
					"Name": "Engine Oil Temperature 1",
					"Value": "200"
				},
				{
					"Name": "Engine Oil Pressure",
					"Value": "300"
				},
				{
					"Name": "Engine Coolant Level 1",
					"Value": "20"
				},
				{
					"Name": "Parking Brake Switch",
					"Value": "1"
				},
				{
					"Name": "Wheel-Based Vehicle Speed",
					"Value": "70"
				},
				{
					"Name": "Cruise Control Active",
					"Value": "1"
				},
				{
					"Name": "Brake Switch",
					"Value": "1"
				},
				{
					"Name": "Clutch Switch",
					"Value": "1"
				},
				{
					"Name": "Engine Throttle Valve 1 Position 1",
					"Value": "20"
				},
				{
					"Name": "Barometric Pressure",
					"Value": "105"
				},
				{
					"Name": "Ambient Air Temperature",
					"Value": "30"
				},
				{
					"Name": "Engine Intake Manifold #1 Pressure",
					"Value": "100"
				},
				{
					"Name": "Engine Intake Manifold 1 Temperature",
					"Value": "150"
				},
				{
					"Name": "Battery Potential / Power Input 1",
					"Value": "24"
				}
			]
		}
	]
}